{"cameraMode":{"drawMode":0,"name":"Shaded","section":"Shading Mode"},"sceneLighting":false,"audioPlay":false,"sceneViewState":{"showFog":true,"showMaterialUpdate":true,"showSkybox":true,"showFlares":true,"showImageEffects":true,"showParticleSystems":true},"in2DMode":false,"pivot":{"x":-10.900544166564942,"y":-73.1627426147461,"z":-49.16262435913086},"rotation":{"x":0.004819400142878294,"y":-0.9950248599052429,"z":0.07866925001144409,"w":0.060937754809856418},"size":20.125925064086915,"orthographic":false}