{"cameraMode":{"drawMode":0,"name":"Shaded","section":"Shading Mode"},"sceneLighting":false,"audioPlay":false,"sceneViewState":{"showFog":true,"showMaterialUpdate":true,"showSkybox":true,"showFlares":true,"showImageEffects":true,"showParticleSystems":true},"in2DMode":false,"pivot":{"x":14.666572570800782,"y":-34.158973693847659,"z":-72.0169677734375},"rotation":{"x":-0.10612820088863373,"y":0.1397608369588852,"z":-0.0150665994733572,"w":-0.9843661785125732},"size":43.690242767333987,"orthographic":false}