{"cameraMode":{"drawMode":0,"name":"Shaded","section":"Shading Mode"},"sceneLighting":true,"audioPlay":false,"sceneViewState":{"showFog":true,"showMaterialUpdate":true,"showSkybox":true,"showFlares":true,"showImageEffects":true,"showParticleSystems":true},"in2DMode":false,"pivot":{"x":4.585554122924805,"y":-68.49674987792969,"z":-121.68603515625},"rotation":{"x":-0.10779042541980744,"y":0.6314475536346436,"z":-0.0892404243350029,"w":-0.7626869082450867},"size":72.46540069580078,"orthographic":false}