{"cameraMode":{"drawMode":0,"name":"Shaded","section":"Shading Mode"},"sceneLighting":false,"audioPlay":false,"sceneViewState":{"showFog":true,"showMaterialUpdate":true,"showSkybox":false,"showFlares":true,"showImageEffects":true,"showParticleSystems":true},"in2DMode":false,"pivot":{"x":27.140209197998048,"y":0.3756445646286011,"z":16.275041580200197},"rotation":{"x":-0.15414737164974214,"y":0.27895981073379519,"z":-0.04541734606027603,"w":-0.9467615485191345},"size":10.576333999633789,"orthographic":false}